Date,10th Percentile ,30th Percentile,70th Percentile,90th Percentile,100th Percentile,2024,2015,2016,2017,2018,2019,2020,2021,2022,2023,Median
"Wednesday, July 30, 2025",0,0,0,0,0,,,,,,,,,,,
"Thursday, July 31, 2025",0,0,0,0,0,,,,,,,,,,,
"Friday, August 1, 2025",0,0,0,0,0,,,,,,,,,,,
"Saturday, August 2, 2025",0,0,0,0,0,,,,,,,,,,,
"Sunday, August 3, 2025",0,0,0,0,0,,,,,,,,,,,
"Monday, August 4, 2025",0,0,0,0,0,,,,,,,,,,,
"Tuesday, August 5, 2025",0,0,0,0,0,,,,,,,,,,,
"Wednesday, August 6, 2025",0,0,0,0,0,,,,,,,,,,,
"Thursday, August 7, 2025",0,0,0,0,0,,,,,,,,,,,
"Friday, August 8, 2025",0,0,0,0,0,,,,,,,,,,,
"Saturday, August 9, 2025",0,0,0,0,0,,,,,,,,,,,
"Sunday, August 10, 2025",0,0,0,0,0,,,,,,,,,,,
"Monday, August 11, 2025",0,0,0,0,0,,,,,,,,,,,
"Tuesday, August 12, 2025",0,0,0,0,0,,,,,,,,,,,
"Wednesday, August 13, 2025",0,0,0,0,0,,,,,,,,,,,
"Thursday, August 14, 2025",0,0,0,0,0,,,,,,0,,,,,
"Friday, August 15, 2025",0,0,0,26.85659,134.28295,,,,,,134.28295,,,,,
"Saturday, August 16, 2025",0,0,0,29.11778,145.5889,,,,,,145.5889,,,,,
"Sunday, August 17, 2025",0,0,0,41.953228,209.76614,,,,,,209.76614,,,,,
"Monday, August 18, 2025",0,0,0,39.858,199.29,,,,,,199.29,,,,,
"Tuesday, August 19, 2025",0,0,0,61.3862092,306.931046,,,,,,306.931046,,,,,
"Wednesday, August 20, 2025",0,0,0,72.35222942,361.7611471,,,,,,361.7611471,,,,,
"Thursday, August 21, 2025",0,0,0,56.9094238,284.547119,,,,,,284.547119,0,,,,
"Friday, August 22, 2025",0,0,0,134.0194019,279.2681697,,,,,,279.2681697,97.70721,,,,
"Saturday, August 23, 2025",0,0,0,193.5308159,281.8406593,,,,,,281.8406593,171.453355,,,,
"Sunday, August 24, 2025",0,0,0,308.4261331,334.3460992,,,,,,301.9461416,334.3460992,,,,
"Monday, August 25, 2025",0,0,0,323.2321219,355.7629877,,,,,,315.0994055,355.7629877,,,,
"Tuesday, August 26, 2025",0,0,0,341.9970309,390.5518931,,,,,,329.8583154,390.5518931,,,,
"Wednesday, August 27, 2025",0,0,0,362.5739359,424.1952769,,,,,,347.1686007,424.1952769,,,,
"Thursday, August 28, 2025",0,0,0,370.5835027,442.1163201,,,,,,352.7002983,442.1163201,,,,
"Friday, August 29, 2025",0,0,0,346.3185792,401.737279,,,,,0,332.4639043,401.737279,,,,
"Saturday, August 30, 2025",0,0,64.0952157,314.9179304,447.645445,,,,,106.8253595,281.7360517,447.645445,,,,
"Sunday, August 31, 2025",0,0,76.5995964,320.8380667,468.8192905,,,,,127.665994,283.8427607,468.8192905,,,,
"Monday, September 1, 2025",0,0,157.591053,286.7172484,287.9402757,,,,,287.9402757,286.4114916,262.651755,,,,
"Tuesday, September 2, 2025",0,0,153.286767,285.0463617,306.072817,,,,,279.7897479,306.072817,255.477945,,,,
"Wednesday, September 3, 2025",0,0,161.0759608,373.8383076,564.4941788,,,,,268.4599347,326.1743398,564.4941788,0,,,
"Thursday, September 4, 2025",0,0,315.1616632,575.581932,579.93868,,,,,302.1430565,323.8407343,574.492745,579.93868,,,
"Friday, September 5, 2025",0,0,323.8326204,544.8081912,545.45183,,,,,303.4386,337.428634,545.45183,544.6472815,,,
"Saturday, September 6, 2025",0,0,319.8274088,561.5404952,600.008196,,,,,295.1011686,336.3115689,551.92357,600.008196,,,
"Sunday, September 7, 2025",0,0,323.1090159,620.2208485,641.4264025,,,,,317.956233,326.5442045,614.91946,641.4264025,,,
"Monday, September 8, 2025",0,0,325.04196,685.7517684,697.82316,,,,,335.9983328,308.6074009,697.82316,682.7339205,,,
"Tuesday, September 9, 2025",0,0,316.1394745,699.3074498,743.833725,,,,,321.9387543,307.4405548,743.833725,688.175881,,,
"Wednesday, September 10, 2025",0,0,441.4621737,620.9995018,750.545415,,,,,319.4773076,522.7854178,750.545415,588.6130235,,,
"Thursday, September 11, 2025",0,0,425.7722873,650.6820816,732.39804,,,,,278.1631149,524.1784023,732.39804,630.253092,,,
"Friday, September 12, 2025",0,0,448.9045905,673.3648426,728.909555,,,,,319.8250305,534.9576305,728.909555,659.4786645,,,
"Saturday, September 13, 2025",0,0,448.10445,674.0521684,758.98751,,,,,305.8169384,542.962791,758.98751,652.818333,,,
"Sunday, September 14, 2025",0,0,466.2071161,688.6842136,766.15655,,,,,353.2384395,541.5195672,766.15655,669.3161295,,,
"Monday, September 15, 2025",0,0,561.3915679,689.1073654,768.479555,,,,,572.1825623,545.2050763,768.479555,669.264318,,,
"Tuesday, September 16, 2025",0,0,546.7992396,699.5394322,739.453395,,,,,562.7946963,522.8060545,739.453395,689.5609415,,,
"Wednesday, September 17, 2025",0,0,530.0308241,707.6595476,730.81276,,,,,535.2939923,522.1360719,730.81276,701.8712445,,,
"Thursday, September 18, 2025",0,0,599.4469815,717.589604,722.60378,,,,,529.7365214,645.9206216,716.33606,722.60378,,,
"Friday, September 19, 2025",0,0,612.4282178,718.3645696,720.19042,,,,,564.467007,644.4023584,720.19042,717.908107,,,
"Saturday, September 20, 2025",0,0,594.7146242,728.8626596,743.36552,,,,,541.3784407,630.2720798,743.36552,725.2369445,,,
"Sunday, September 21, 2025",0,0,631.0927641,744.8443512,770.43881,,,,,536.6483084,694.0557346,770.43881,738.4457365,,,
"Monday, September 22, 2025",0,0,630.9207886,748.602771,768.915145,,,,,549.758527,685.028963,768.915145,743.5246775,,,
"Tuesday, September 23, 2025",0,0,569.6495114,743.1281448,779.24575,,,,,509.789048,609.556487,779.24575,734.0987435,,,
"Wednesday, September 24, 2025",0,0,583.9719563,733.9065916,792.43477,,,,,486.9134564,648.6776229,792.43477,719.274547,,,
"Thursday, September 25, 2025",0,0,570.3084912,725.218364,756.87144,,,,,478.7325608,631.3591114,756.87144,717.305095,,,
"Friday, September 26, 2025",0,0,573.1599917,729.987435,743.219175,,,,,511.2998586,614.4000805,726.6795,743.219175,,,
"Saturday, September 27, 2025",0,0,597.1271988,713.4560153,754.5882965,,,,,526.8910652,643.9512878,703.172945,754.5882965,,,
"Sunday, September 28, 2025",0,0,642.0765176,703.0289718,710.328339,,,,,631.1138082,649.3849905,701.20413,710.328339,,,
"Monday, September 29, 2025",0,0,668.9663947,721.980972,758.52731,,,,,630.842945,694.3820278,712.8443875,758.52731,,,
"Tuesday, September 30, 2025",0,0,665.6540985,718.6530387,743.7889535,,,,,646.1037311,678.6876767,712.36906,743.7889535,,,
"Wednesday, October 1, 2025",0,0,674.9942768,749.5379453,755.4862523,,,,,675.0093677,674.9716404,755.4862523,748.0508685,,,
"Thursday, October 2, 2025",0,0,710.2756781,756.0534021,760.1698095,,,,,729.6804922,681.168457,755.0243002,760.1698095,,,
"Friday, October 3, 2025",0,0,724.5495619,761.0711499,777.7206081,,,,,749.8603643,686.5833583,756.9087853,777.7206081,,,
"Saturday, October 4, 2025",0,0,706.3441652,820.4985081,960.6926963,,,,,960.6926963,601.4895532,776.2472399,785.449961,,,
"Sunday, October 5, 2025",0,0,755.3437762,893.0459629,1009.359929,,,,,1009.359929,653.9592303,863.9674714,822.9334735,,,
"Monday, October 6, 2025",0,0,757.6574088,957.8010198,1136.311036,,,,,1136.311036,681.3808621,913.1735158,808.50844,,,
"Tuesday, October 7, 2025",0,0,769.0439506,1006.058809,1127.251264,,,,,1127.251264,712.9586829,975.7606958,806.434129,,,
"Wednesday, October 8, 2025",0,0,802.6516508,1030.73861,1113.551407,,,,,1113.551407,802.9473456,1010.035411,802.2081085,,,
"Thursday, October 9, 2025",0,0,823.7227527,1062.67462,1149.407196,,,,,1149.407196,853.8763731,1040.991476,778.4923222,,,
"Friday, October 10, 2025",0,0,863.9696158,1064.655039,1133.196933,,,,,1133.196933,927.6002408,1047.519566,768.5236782,,,
"Saturday, October 11, 2025",0,0,878.3141167,1171.124508,1190.063878,,,,,1190.063878,949.1533189,1166.389666,772.0553135,,,
"Sunday, October 12, 2025",0,0,910.8775,1354.604095,2000.36412,,,,,1193.164089,966.7077335,2000.36412,827.1321498,,,
"Monday, October 13, 2025",0,0,982.0495446,1248.837438,1403.163245,,,,,1210.255986,1092.648003,1403.163245,816.1518571,,,
"Tuesday, October 14, 2025",0,0,920.7913339,1210.352103,1395.502445,,,,,1157.813801,1164.064517,1395.502445,565.2576332,,0,0
"Wednesday, October 15, 2025",0,0,1133.638768,1216.014651,1333.082785,,,,,1074.635405,1186.747617,1333.082785,431.2377513,,1172.974344,431.2377513
"Thursday, October 16, 2025",0,0,1210.707835,1311.685504,1350.028512,,,,,1350.028512,1302.099752,1239.20977,536.7362893,,1167.954932,536.7362893
"Friday, October 17, 2025",0,0,1197.168806,1681.487235,1772.886934,,,,,1658.63731,1772.886934,1219.14279,770.4958692,,1164.207831,770.4958692
"Saturday, October 18, 2025",0,0,1191.25063,1987.898737,2210.845845,,,,,1932.16196,2210.845845,1159.427195,780.4051394,,1212.466254,780.4051394
"Sunday, October 19, 2025",0,0,1199.619057,1559.329087,2214.699975,,,,,1395.486365,2214.699975,1160.38683,788.0262423,0,1225.773875,788.0262423
"Monday, October 20, 2025",0,93.589464,1153.637397,1402.238319,2116.201866,,,,,943.050015,2116.201866,1182.095265,1110.950595,233.97366,1223.747432,943.050015
"Tuesday, October 21, 2025",0,170.430254,1175.740874,2003.056591,2030.245485,0,,,,1996.259367,2030.245485,1189.503225,1081.122543,426.075635,1155.097348,1081.122543
"Wednesday, October 22, 2025",0,199.3560312,1125.077844,1944.079564,2038.994533,712.374025,,,,1920.350822,2038.994533,1171.12519,850.1102485,498.390078,1056.006824,850.1102485
"Thursday, October 23, 2025",0,201.9980532,1135.885999,1503.712604,1919.934287,1286.85513,,0,,1919.934287,1399.657183,1153.260885,771.3295955,504.995133,1109.823669,771.3295955
"Friday, October 24, 2025",0,214.5853442,1151.416931,1379.620329,1856.858987,1367.325725,,20.092855,,1856.858987,1260.310664,1220.658454,776.583887,506.324078,1047.554647,776.583887
"Saturday, October 25, 2025",0,349.7081332,954.337223,1478.993985,2124.790167,1507.757525,,85.389675,0,2124.790167,757.796175,1317.544939,789.8594525,746.1858205,1063.98907,757.796175
"Sunday, October 26, 2025",67.312056,367.336074,1212.492344,1559.213049,2430.526857,1554.46895,0,84.14007,106.057745,2430.526857,759.2535676,1341.384597,1277.356466,1115.196161,1051.512855,1051.512855
"Monday, October 27, 2025",188.4968093,510.811028,1154.580367,1586.754706,2893.296109,1540.7828,345.129,138.0557864,201.107065,2893.296109,759.33407,1166.515634,1260.119355,1136.677466,1076.504955,1076.504955
"Tuesday, October 28, 2025",438.4363476,820.3008624,1105.204026,1512.778237,2843.075022,1527.751205,503.809,176.9457381,903.99996,2843.075022,764.501464,1125.196256,1180.204041,1063.406976,1075.21568,1063.406976
"Wednesday, October 29, 2025",174.3453048,577.8268728,1182.786752,1653.961742,2827.623557,1471.945558,458.1885,180.4286048,1010.67259,2827.623557,757.284432,1360.546288,1297.529526,835.9590305,150.012105,835.9590305
"Thursday, October 30, 2025",165.7756862,600.5339808,1134.942704,1617.181819,2852.873512,1438.709235,480.007,185.1829227,1023.188475,2852.873512,781.324452,1308.258896,1209.445524,833.7176755,88.14674,833.7176755
"Friday, October 31, 2025",167.3664532,636.5893694,982.7505168,1642.570058,3042.277927,1230.957445,507.776,185.8374777,879.424395,3042.277927,829.8094235,1051.634598,1292.643091,834.2928905,93.482355,834.2928905
"Saturday, November 1, 2025",174.0545523,393.141601,1049.725101,1732.1834,3247.940945,1153.459445,420.502,191.6636804,374.901335,3247.940945,830.7441347,1353.244014,1096.419542,979.6834405,103.61804,830.7441347
"Sunday, November 2, 2025",233.4527302,371.648395,1183.361443,1634.527761,2931.90989,1148.24284,378.8485,179.2267631,366.848325,2931.90989,247.009222,1310.182229,1231.225997,1111.564612,801.41334,801.41334
"Monday, November 3, 2025",177.6845508,511.798538,1310.879165,1711.864426,2887.459655,1137.09557,364.964,158.5582261,732.050345,2887.459655,182.466132,1417.965619,1376.614921,860.4931824,1212.27553,860.4931824
"Tuesday, November 4, 2025",176.9305924,489.599206,1180.105526,1814.625808,2897.892865,1092.513543,319.3435,154.788434,744.982765,2897.892865,182.466132,1543.809044,1278.184566,926.8809274,1032.986965,926.8809274
"Wednesday, November 5, 2025",177.8154618,487.433224,1201.386565,1800.480398,2863.419635,977.5001703,297.525,159.2127811,772.29556,2863.419635,182.466132,1534.745589,1231.747638,932.9901074,1155.844955,932.9901074
"Thursday, November 6, 2025",179.6656843,523.203663,1225.004198,1855.06633,2851.57814,993.3681703,355.740725,168.4638934,774.39807,2851.57814,182.466132,1605.938377,1246.845544,913.9485074,1192.24218,913.9485074
"Friday, November 7, 2025",179.8481663,558.144999,1557.005691,2274.457027,2752.7205,991.8805453,429.328575,169.3763034,751.369635,2752.7205,182.466132,1721.978572,2154.891159,830.9787024,1309.54637,830.9787024
"Saturday, November 8, 2025",179.8878363,590.075382,1509.31045,2231.034372,2735.544025,964.4685753,496.2717,169.5746534,730.780905,2735.544025,182.466132,1730.051417,2104.906959,855.8319574,1178.199,855.8319574
"Sunday, November 9, 2025",179.5665093,561.754969,1527.459545,2187.45291,2744.073075,923.5093003,489.587305,167.9680184,670.006465,2744.073075,182.466132,1736.987172,2048.297869,913.0621792,1213.168105,913.0621792
"Monday, November 10, 2025",174.3816403,538.488514,1457.467833,2121.388953,2715.788365,924.8580803,456.205,142.0436734,661.913785,2715.788365,182.466132,1630.979102,1972.7891,867.1838242,1197.20093,867.1838242
"Tuesday, November 11, 2025",165.6502733,312.924894,1517.486507,2151.312034,2740.04657,920.3753703,487.941,98.38683839,196.24749,2740.04657,182.466132,1722.507622,2004.1284,813.3119642,1209.954835,813.3119642
"Wednesday, November 12, 2025",171.8555026,463.361468,1522.79275,2143.409203,2725.229825,890.7220453,495.875,129.4129848,441.68578,2725.229825,182.466132,1722.795864,1997.954048,755.5326092,1222.78808,755.5326092
"Thursday, November 13, 2025",172.9917577,460.866225,1508.321134,2163.992072,2749.825225,920.3555353,470.0895,135.0942604,454.717375,2749.825225,182.466132,1711.489914,2017.533784,769.1592542,1203.567965,769.1592542
"Friday, November 14, 2025",182.1356927,464.313548,1477.321065,2144.843363,2662.17436,920.9902553,483.974,139.4777954,451.20658,2662.17436,192.800167,1663.380209,2015.510614,830.7270942,1198.23235,830.7270942
"Saturday, November 15, 2025",192.9150891,444.784007,1470.824245,2199.385784,2599.436255,918.4712103,483.974,128.5539977,418.657345,2599.436255,209.005362,1611.097025,2099.373166,828.9022742,1260.415075,828.9022742
"Sunday, November 16, 2025",186.8641888,428.360627,1470.971541,2215.605714,2665.74466,909.0551558,448.271,75.92561606,415.087045,2665.74466,214.598832,1615.719441,2103.070977,817.5557352,1253.84969,817.5557352
"Monday, November 17, 2025",183.1095339,428.681954,1474.79766,2231.157865,2674.63074,923.7925608,442.3205,57.15234164,419.58959,2674.63074,214.598832,1626.460006,2120.289646,843.8966152,1247.30414,843.8966152
"Tuesday, November 18, 2025",193.6300179,428.285254,1475.487918,2198.395923,2650.610555,911.4551908,432.403,57.15234164,425.54009,2650.610555,227.749437,1629.792286,2085.342265,881.2062502,1244.031365,881.2062502
"Wednesday, November 19, 2025",193.5506779,425.127522,1455.603889,2184.620043,2643.2121,956.3518384,422.4855,57.15234164,429.090555,2643.2121,227.650262,1633.227978,2069.972029,879.4409352,1189.167755,879.4409352
"Thursday, November 20, 2025",180.3802379,421.231928,1387.038261,2178.024433,2658.465215,907.6370784,424.469,57.15234164,419.07388,2658.465215,211.187212,1605.538318,2057.914238,872.2606652,1059.288175,872.2606652
"Friday, November 21, 2025",160.8066426,419.645128,1278.806077,2155.83058,2707.19981,846.1684134,420.502,61.31560483,419.07388,2707.19981,185.679402,1429.144792,2017.988272,871.2094102,1053.298005,871.2094102
"Saturday, November 22, 2025",153.4597586,418.288414,1209.556715,2179.326366,2745.025155,843.0741534,414.5515,61.31560483,423.893785,2745.025155,176.495797,1321.544179,2037.901669,920.0035102,1041.57552,920.0035102
"Sunday, November 23, 2025",309.9549332,411.663524,1206.652871,2134.119687,2767.200685,842.4195984,400.667,343.5279848,428.15831,2767.200685,175.662727,1319.560679,1975.849437,931.519872,1037.29116,931.519872
"Monday, November 24, 2025",342.5954092,434.025503,1184.955326,1592.574569,2789.019185,837.9368884,442.3205,383.1979848,428.495505,2789.019185,180.185107,1293.463415,1283.398104,879.036462,1037.29116,879.036462
"Tuesday, November 25, 2025",358.0082474,438.583586,1182.30537,1585.231722,2784.23895,839.8807184,454.2215,402.4293213,428.15831,2784.23895,180.323952,1285.479915,1271.973144,860.867602,1047.80371,860.867602
"Wednesday, November 26, 2025",377.1627005,435.354448,1149.057943,1590.575414,2778.387625,837.6988684,444.304,426.2385014,429.38808,2778.387625,180.859497,1293.622361,1271.834299,858.646082,964.89341,858.646082
"Thursday, November 27, 2025",364.7292678,429.316674,1029.158189,1566.373295,2726.20174,833.8508784,440.337,413.0521168,421.96979,2726.20174,171.437872,1130.012138,1276.416184,856.940272,877.877265,856.940272
"Friday, November 28, 2025",362.0053688,431.780181,985.7505578,1565.536258,2722.571935,832.4822634,440.337,408.4422668,426.075635,2722.571935,176.257777,1072.708395,1276.277339,855.313802,816.309425,816.309425
"Saturday, November 29, 2025",360.6803908,427.079286,978.4453798,1567.206365,2750.28143,840.9995952,434.3865,406.7959618,422.20781,2750.28143,176.218107,1066.708395,1271.437599,846.050857,740.658735,740.658735
"Sunday, November 30, 2025",361.1207278,424.250815,967.4614965,1420.24885,2650.293195,839.6309802,432.403,406.1612418,418.816025,2650.293195,180.958672,1060.708395,1112.737764,827.5911488,766.58308,766.58308
"Monday, December 1, 2025",360.8311368,420.982007,889.8568057,1468.700057,3100.666705,836.0606802,436.37,405.7447068,410.723345,3100.666705,181.176857,1060.708395,933.0069369,825.1316088,609.589055,609.589055
"Tuesday, December 2, 2025",356.6261594,413.1511277,881.2746964,1345.160728,2994.25193,656.7126102,400.667,413.8175518,412.706845,2994.25193,180.462797,919.7083948,932.8879269,823.6241488,435.913795,435.913795
"Wednesday, December 3, 2025",281.9513514,410.834421,833.7080824,1292.590044,2916.26071,509.7989826,307.4425,416.3513172,414.690345,2916.26071,179.986757,840.7083948,886.6723769,823.2076138,408.263805,416.3513172
"Thursday, December 4, 2025",272.1409604,409.5927181,820.9777847,1243.882155,2856.577195,485.7192926,297.525,407.4505168,412.80602,2856.577195,170.604802,840.7083948,824.0532819,816.3645388,441.824625,441.824625
"Friday, December 5, 2025",264.8654824,388.016237,817.6296367,1147.968029,2377.006565,436.4293176,289.591,416.5151118,407.867105,2377.006565,165.963412,840.7083948,824.0532819,807.9941688,374.782325,416.5151118
"Saturday, December 6, 2025",263.2826494,377.511621,818.2365877,1133.730606,2353.81945,432.8986876,287.6075,422.2077568,414.095295,2353.81945,165.983247,828.7083948,821.4945669,813.3496188,353.122505,422.2077568
"Sunday, December 7, 2025",263.3659564,359.219784,822.2228636,1106.315471,2205.552825,431.9267726,287.6075,434.3549068,345.129,2205.552825,166.399782,822.7083948,821.4945669,831.5061327,380.35596,434.3549068
"Monday, December 8, 2025",260.2756634,390.0862747,814.6710281,1092.772133,2143.548615,428.2374626,283.6405,430.7449368,362.9805,2143.548615,166.816317,810.7083948,817.3127836,830.0780127,465.05141,465.05141
"Tuesday, December 9, 2025",344.3839974,432.4704177,781.3824551,1084.330357,2129.584775,430.0424476,388.766,435.3385268,430.558345,2129.584775,166.855987,723.7083948,819.8318286,823.0167527,461.12408,461.12408
"Wednesday, December 10, 2025",300.0527724,446.8587267,762.2417875,1105.786735,2239.3715,433.2557176,446.2875,447.7155668,333.366845,2239.3715,166.796482,672.9239946,822.3905436,821.7869827,465.92415,465.92415
"Thursday, December 11, 2025",295.2685704,448.802578,763.889232,1020.886126,1800.93866,435.0805376,438.3535,473.6399118,327.416345,1800.93866,166.677472,672.9239946,824.5327236,825.8729927,464.476195,473.6399118
"Friday, December 12, 2025",296.9307434,425.682902,761.0794915,1022.249649,1813.11735,441.1698826,400.667,464.4959768,329.49902,1813.11735,166.657637,666.9239946,824.5327236,823.8498227,463.206755,464.4959768
"Saturday, December 13, 2025",294.4474014,395.914534,780.938134,1004.200924,1721.87635,453.3287376,353.063,464.6546568,327.416345,1721.87635,162.571627,715.5462496,824.5327236,824.7820677,460.191835,464.6546568
"Sunday, December 14, 2025",294.4474014,408.48199,768.080167,1002.529692,1733.321145,477.1704076,372.898,475.2862168,327.416345,1733.321145,162.571627,716.1016296,819.8318286,802.7325253,461.857975,475.2862168
"Monday, December 15, 2025",296.0342014,441.273212,762.56207,943.3460433,1441.468955,468.7405326,404.634,510.7482563,329.399845,1441.468955,162.571627,716.0222896,818.8153154,793.5885903,496.23203,510.7482563
"Tuesday, December 16, 2025",294.4394674,431.6126826,762.276481,862.9627223,1039.55235,476.1786576,380.832,507.7837066,327.416345,1039.55235,162.531957,708.5544996,818.8153154,798.0911353,574.996815,574.996815
"Wednesday, December 17, 2025",330.7851214,511.3496719,760.6174427,863.7561223,1043.51935,474.9323059,372.898,510.9948898,511.881845,1043.51935,162.333607,708.9292837,818.8153154,795.0762153,615.6784,615.6784
"Thursday, December 18, 2025",329.1348494,475.5667295,770.7662577,865.0096943,1039.55235,475.1703259,370.9145,501.4258063,458.327345,1039.55235,162.016247,736.4137487,821.3740304,793.6679303,613.754405,613.754405
"Friday, December 19, 2025",319.8004984,423.8501267,775.5993277,868.7704103,1039.55235,478.8398009,370.9145,503.2535668,359.152345,1039.55235,162.393112,750.6386037,826.0749254,792.2398103,613.913085,613.913085
"Saturday, December 20, 2025",278.5397314,425.8924167,795.9003967,915.5837262,1037.56885,477.0943209,372.898,505.3840418,307.581345,1037.56885,162.373277,750.6386037,826.0749254,885.0874453,564.1074,564.1074
"Sunday, December 21, 2025",272.9422944,414.2453047,793.5559347,978.687926,1079.22235,477.3647275,357.03,500.0682618,301.630845,1079.22235,158.188092,744.7774487,826.0749254,953.55432,500.258535,500.258535
"Monday, December 22, 2025",285.7001664,410.5797967,794.252933,975.077956,1061.1725,475.8969375,349.096,502.8054918,317.498845,1061.1725,158.505452,742.7411137,828.5941459,953.55432,516.14637,516.14637
"Tuesday, December 23, 2025",276.4729244,416.5779007,799.874172,962.129668,1019.519,475.5002375,353.063,511.8502518,305.954875,1019.519,158.545122,741.7096937,838.6504909,947.782335,576.36543,576.36543
"Wednesday, December 24, 2025",278.0002194,421.2510267,809.9972737,1029.79082,1051.255,480.0821225,359.0135,514.6073168,307.859035,1051.255,158.564957,747.975848,851.3448909,1024.424775,523.584495,523.584495
"Thursday, December 25, 2025",268.6311175,415.7642045,807.6924817,964.041811,1091.229055,463.8174225,357.03,503.8655113,298.100215,932.245,150.7547274,742.213868,851.3448909,1091.229055,507.518145,507.518145
"Friday, December 26, 2025",293.304112,434.6193555,744.4345532,890.1143167,1085.8141,462.2985925,349.096,503.1911213,388.904845,745.796,70.13656,742.392383,841.1893709,1085.8141,511.14795,511.14795
"Saturday, December 27, 2025",260.040817,418.732718,668.9786493,888.0435427,1085.61575,462.2192525,357.03,559.4828513,307.621015,557.3635,69.720025,741.975848,838.6504909,1085.61575,511.286795,557.3635
"Sunday, December 28, 2025",252.912118,405.0771065,664.9375088,892.7801407,1078.83218,467.7928875,360.997,471.1972663,299.647345,555.38,65.97121,737.975848,846.2671309,1078.83218,509.64049,509.64049
"Monday, December 29, 2025",245.811188,397.3890605,662.9243088,879.5078297,1078.83218,469.1615025,359.0135,454.9524013,291.713345,559.347,62.20256,731.975848,829.6767421,1078.83218,513.309965,513.309965
"Tuesday, December 30, 2025",304.463283,427.3200755,654.1969088,876.2707577,1072.723,461.6242025,364.964,460.7838913,405.010865,537.5285,62.460415,731.975848,827.1576971,1072.723,515.214125,515.214125
"Wednesday, December 31, 2025",258.545258,422.8254645,679.2592182,876.2708551,1072.723102,470.9201387,414.5515,435.2364113,307.64085,608.9345,62.16289,726.1423637,827.1577934,1072.723102,529.75318,529.75318
"Thursday, January 1, 2026",289.535462,452.9508625,671.7755252,875.5269023,1069.003338,474.8276337,410.5845,516.5004063,301.29365,599.017,242.50271,720.2812087,827.1577934,1069.003338,552.503925,552.503925
"Friday, January 2, 2026",282.442466,412.0857006,667.5447722,874.2971323,1062.854488,472.0110637,390.7495,444.0900014,292.40757,586.620125,242.58205,714.1423637,827.1577934,1062.854488,597.648385,586.620125
"Saturday, January 3, 2026",294.3514,370.7222878,715.2175822,874.1741553,1062.239603,474.2920887,370.9145,370.5941463,307.28382,598.521125,242.62172,791.0449437,827.1577934,1062.239603,601.47654,598.521125
"Sunday, January 4, 2026",298.171621,357.9049108,738.575234,872.54238,935.001145,461.4390087,364.964,353.1988513,299.568005,499.346125,292.586085,856.9276887,827.1577934,935.001145,605.701395,499.346125
"Monday, January 5, 2026",343.9660703,425.032314,731.4411626,856.4539657,856.9276887,471.6341987,351.0795,315.5123513,604.431955,525.131625,358.29944,856.9276887,809.7535443,856.335535,613.97259,604.431955
"Tuesday, January 6, 2026",346.3437393,462.687078,738.3794456,851.687931,854.7289,473.8358837,353.063,319.4666964,447.8743,580.669625,484.906245,850.9276887,819.8495593,854.7289,616.174275,580.669625
"Wednesday, January 7, 2026",361.5294153,479.193765,839.2062317,943.8622746,1058.960473,484.3168805,366.9475,339.8570764,389.142865,709.597125,915.087725,1058.960473,814.7916343,855.48263,614.270115,709.597125
"Thursday, January 8, 2026",365.7304683,474.992712,835.9578107,929.3023352,1221.486896,484.8325905,366.9475,360.8623414,375.15919,796.871125,846.696645,1221.486896,819.8495593,856.256195,624.742995,796.871125
"Friday, January 9, 2026",362.956698,519.6596768,850.813839,1140.01183,1170.007145,485.3483005,370.9145,375.4212314,331.12549,840.508125,1170.007145,1132.513001,812.2725893,857.684315,736.017345,812.2725893
"Saturday, January 10, 2026",349.4927,517.3707178,858.319587,1129.383777,1158.972446,485.8640105,370.9145,384.7238464,263.8055,858.359625,1121.98661,1158.972446,812.2725893,858.25953,716.341025,812.2725893
"Sunday, January 11, 2026",347.5092,530.9506189,926.0700741,1138.624554,1229.057668,463.6289755,370.9145,413.5455348,253.888,959.716475,1116.016275,1229.057668,814.7916343,875.6004727,707.058245,814.7916343
"Monday, January 12, 2026",350.428912,549.338916,903.0773421,1128.418539,1210.636334,482.1350305,355.0465,440.9397566,331.95856,921.831625,1107.86409,1210.636334,819.3188714,874.9459177,711.937655,819.3188714
"Tuesday, January 13, 2026",350.500318,548.6275709,861.6706426,1046.430619,1202.871195,481.8771755,357.03,438.0615948,324.38159,1007.320475,834.557625,1202.871195,809.2625264,879.7459877,714.476535,809.2625264
"Wednesday, January 14, 2026",352.087118,531.5518544,921.1271921,1199.886527,1211.56147,474.7284587,359.0135,415.777364,324.38159,947.815475,1211.56147,1196.967791,811.7617364,881.0947677,705.21359,811.7617364
"Thursday, January 15, 2026",353.673918,533.7535394,924.7450961,1236.15668,1380.694515,476.1169087,360.997,419.327829,324.38159,953.765975,1380.694515,1200.022221,811.7617364,881.2137777,705.392105,811.7617364
"Friday, January 16, 2026",348.493016,537.3760957,938.6216621,1260.581673,1352.23129,475.8590537,359.0135,425.2596361,306.41108,973.442295,1352.23129,1237.669269,811.7617364,886.3907127,705.550785,811.7617364
"Saturday, January 17, 2026",360.505092,536.7255077,980.2910301,1201.396102,1311.01416,468.2027437,360.997,425.6166661,358.53746,1042.507765,1311.01416,1173.991587,809.2625264,886.9659277,703.38877,809.2625264
"Sunday, January 18, 2026",415.4220289,542.16989,1024.204233,1191.760508,1307.88023,472.9234737,359.0135,429.5241611,434.58485,1136.089295,1307.88023,1162.730578,806.7633164,856.3766398,703.54745,806.7633164
"Monday, January 19, 2026",330.816064,539.8951407,1035.986223,1205.217681,1315.4572,475.3036737,329.261,430.6745911,331.20483,1151.957295,1315.4572,1177.657801,806.3114006,862.0296148,703.725965,806.3114006
"Tuesday, January 20, 2026",300.254296,527.496614,1050.172215,1226.253334,1307.662045,484.1302487,287.6075,413.0120766,303.415995,1171.792295,1307.662045,1205.901156,803.8121906,867.7420948,699.22342,803.8121906
"Wednesday, January 21, 2026",291.669708,530.4261148,1039.290501,1216.262365,1314.802645,474.8474687,277.69,419.3359214,295.164635,1191.627295,1314.802645,1149.874231,808.5130856,873.4149048,697.061405,808.5130856
"Thursday, January 22, 2026",284.465636,523.7179178,1033.473182,1239.679566,1320.81265,472.9433087,265.789,408.0498064,289.134795,1219.396295,1320.81265,1140.205146,808.5130856,873.3752348,697.220085,808.5130856
"Friday, January 23, 2026",235.370044,514.9587818,1033.118188,1277.576317,1319.880405,472.1300737,51.571,393.3322364,281.319805,1267.000295,1319.880405,1134.601846,811.0122956,880.8926998,697.3986,811.0122956
"Saturday, January 24, 2026",227.404308,521.796035,1040.328158,1344.515475,1376.886195,473.3201737,51.571,404.6218716,271.362635,1336.422795,1376.886195,1142.426666,808.5130856,887.1803948,697.55728,808.5130856
"Sunday, January 25, 2026",216.471256,528.4774294,1036.930475,1400.86671,1444.42437,479.4491887,23.802,417.185649,264.63857,1389.977295,1444.42437,1136.248151,813.5115056,887.9539598,695.4151,813.5115056
"Monday, January 26, 2026",216.233236,529.5888747,1045.161829,1437.803447,1443.531795,472.8242987,59.505,423.1769611,255.415295,1443.531795,1436.37136,1145.563705,809.8030182,894.5590148,689.206745,809.8030182
"Tuesday, January 27, 2026",272.564636,511.7474472,1065.537,1417.84547,1432.12667,472.5862787,63.472,430.942622,324.837795,1414.27517,1432.12667,1170.020805,814.6229232,908.8112921,632.954685,814.6229232
"Wednesday, January 28, 2026",273.358036,491.792133,1071.797007,1406.400675,1430.440695,472.3482587,67.439,435.5024984,324.837795,1400.39067,1430.440695,1176.632662,807.3037189,914.543524,576.226585,807.3037189
"Thursday, January 29, 2026",303.174008,510.076036,1070.721544,1406.523652,1438.98958,472.0904037,67.439,442.5439234,362.10776,1398.40717,1438.98958,1174.840224,804.8045089,914.543524,611.374205,804.8045089
"Friday, January 30, 2026",276.944204,498.0426054,1069.323229,1417.163146,1492.18705,473.4590187,67.439,426.785789,329.320505,1398.40717,1492.18705,1168.661709,804.8045089,920.315509,604.92783,804.8045089
"Saturday, January 31, 2026",271.374536,486.164441,1071.449541,1409.018895,1491.135795,476.4937737,67.439,411.0880816,322.35842,1388.48967,1491.135795,1168.741049,809.8029289,925.512279,598.77898,809.8029289
"Sunday, February 1, 2026",268.232672,484.6866048,1073.43369,1512.922559,1602.529155,412.8552474,65.4555,405.8877914,318.926965,1602.529155,1490.52091,1166.736389,817.3203939,933.4796418,602.884825,817.3203939
"Monday, February 2, 2026",273.024808,486.3606788,1063.608781,1519.967951,1654.100155,453.6161724,65.4555,407.3159114,324.917135,1654.100155,1486.4349,1150.36154,789.8412784,933.4796418,604.92783,789.8412784
"Tuesday, February 3, 2026",279.340272,491.3282229,1058.909082,1524.680747,1667.984655,461.6890174,65.4555,416.9571548,332.811465,1667.984655,1488.85477,1138.733612,785.1403834,939.1722868,602.884825,785.1403834
"Wednesday, February 4, 2026",269.819472,474.5031127,1061.545883,1539.104759,1747.324655,507.7062174,65.4555,426.9456111,320.910465,1747.324655,1487.049785,1144.424167,777.7022584,937.2284568,545.839365,777.7022584
"Thursday, February 5, 2026",271.866444,449.4316727,1095.13363,1540.167915,1773.110155,504.5722874,67.439,428.7704311,322.973305,1773.110155,1481.932355,1200.483085,767.8640984,937.1094468,480.423535,767.8640984
"Friday, February 6, 2026",271.410239,450.3263862,1122.687922,1549.121434,1825.09769,510.2054274,67.538175,433.025297,322.378255,1825.09769,1480.12737,1241.937419,702.59537,943.8136768,476.27802,702.59537
"Saturday, February 7, 2026",283.0836284,454.9598422,1259.512579,1623.736737,2185.400465,503.8383924,82.50614204,432.509587,333.228,2185.400465,1483.320805,1469.145443,705.05491,945.0632818,488.635225,705.05491
"Sunday, February 8, 2026",285.1352339,456.4038302,1264.285311,1791.273855,2312.344465,503.5210324,84.83016932,434.334407,335.2115,2312.344465,1471.28096,1661.006202,807.224995,953.7918376,489.507965,807.224995
"Monday, February 9, 2026",368.2407766,465.559186,1281.57902,1940.844488,2514.701135,505.2268424,91.56855519,437.408832,446.2875,2514.701135,1481.91252,1797.380326,981.07877,959.6034926,494.466715,959.6034926
"Tuesday, February 10, 2026",287.8393712,507.0997384,1267.990489,2069.805587,2554.371135,504.9293174,114.2188558,509.5068834,331.2445,2554.371135,1473.06611,1948.6642,940.079825,960.3770576,505.494975,940.079825
"Wednesday, February 11, 2026",222.0403766,500.2447624,1272.846097,2045.567539,2568.255635,502.6086224,118.4518828,512.6606484,247.9375,2568.255635,1476.83476,1914.895515,942.975735,966.8631026,491.967505,942.975735
"Thursday, February 12, 2026",230.3786773,496.4452458,1272.425595,2182.253616,2596.024635,502.5292824,112.5393866,508.160277,259.8385,2596.024635,1476.08103,2078.810861,942.975735,966.9424426,488.635225,942.975735
"Friday, February 13, 2026",329.1949812,517.0671942,1278.562544,2326.812405,2603.958635,540.9496774,106.7789059,504.748657,384.799,2603.958635,1482.408395,2257.525848,946.68488,972.7937676,535.545,946.68488
"Saturday, February 14, 2026",312.5373816,556.6459532,1400.785814,2382.233757,2613.876135,519.4287024,102.8309079,502.269282,364.964,2613.876135,1620.579005,2324.323163,946.68488,1071.096028,638.21096,946.68488
"Sunday, February 15, 2026",319.6095746,602.0284332,1458.016906,2409.565725,2682.505235,743.3803775,122.3238731,497.310532,368.931,2682.505235,1737.684845,2341.330848,944.70138,1038.514998,759.105285,944.70138
"Monday, February 16, 2026",468.0235352,678.2309922,1525.931946,2345.755195,2904.062185,1076.649658,574.965317,493.292544,366.9475,2904.062185,1845.468235,2206.178447,927.28625,1046.627513,833.129505,927.28625
"Tuesday, February 17, 2026",476.6566409,769.7446124,1524.995734,2385.716273,2958.410085,1060.801493,727.4880173,504.5798011,364.964,2958.410085,1845.349225,2242.54282,939.881475,1044.465498,833.129505,939.881475
"Wednesday, February 18, 2026",469.8080667,882.161625,1622.864219,2476.697296,2914.852425,1010.638778,1204.63961,496.0190834,364.964,2914.852425,1901.680625,2367.158514,955.709805,1090.085998,833.129505,1090.085998
"Thursday, February 19, 2026",472.5373627,922.7647362,1689.523092,2572.683573,2920.207875,939.9021302,1145.13461,498.4389534,368.931,2920.207875,2046.079425,2485.802498,1053.409263,1154.688593,835.668385,1145.13461
"Friday, February 20, 2026",471.6328867,914.1801482,1722.016147,2585.555296,2919.51365,982.8647402,1132.73956,497.8042334,366.9475,2919.51365,2114.867205,2502.065708,1035.756113,1120.731073,833.129505,1120.731073
"Saturday, February 21, 2026",463.5560747,909.3007382,1836.178505,2629.676451,2807.783095,982.3887002,1130.528037,487.2123434,368.931,2807.783095,2306.61215,2585.14979,1032.840368,1126.939428,826.940985,1126.939428
"Sunday, February 22, 2026",798.1574807,1002.465733,1679.143442,2683.974782,2770.83049,980.2465202,1444.071337,652.2395434,948.62871,2770.83049,1835.858178,2662.260855,1083.221268,1117.754046,834.636965,1117.754046
"Monday, February 23, 2026",802.5925867,937.4864802,1412.779611,2692.697941,2769.303195,983.5986352,1425.62079,705.0403134,826.980655,2769.303195,1393.517843,2673.546627,1076.289453,1129.635211,844.951165,1129.635211
"Tuesday, February 24, 2026",808.0873164,938.6131082,1469.072452,2665.934221,2780.609145,1015.771005,1413.201898,801.222402,809.803545,2780.609145,1506.319488,2637.26549,1094.577323,1135.883236,834.636965,1135.883236
"Wednesday, February 25, 2026",817.0527364,943.2425972,1821.984873,2768.814726,2793.043049,,1625.884629,793.209062,823.013655,2762.757645,1952.718369,2793.043049,1094.577323,1135.883236,842.35278,1135.883236
"Thursday, February 26, 2026",816.3644102,955.7227792,2114.083049,2816.652842,3071.903631,,1618.059801,801.1923911,820.157415,2752.840145,2444.765214,3071.903631,1074.722488,1135.883236,876.38964,1135.883236
"Friday, February 27, 2026",865.2537182,983.8527762,2365.415285,2860.447877,3108.396804,,2197.333479,793.4170711,883.21288,2798.460645,2477.469823,3108.396804,1076.289453,1135.883236,922.228325,1135.883236
"Saturday, February 28, 2026",887.5958622,991.6439642,2351.504698,2840.785738,3345.694308,,2203.670007,795.6385911,910.58518,2714.558595,2450.061159,3345.694308,1093.149203,1142.012251,923.973805,1142.012251
"Sunday, March 1, 2026",894.2048842,1118.176785,2424.07771,2776.56914,3274.929018,,2212.838538,792.6633411,1487.18863,2651.97917,2564.903825,3274.929018,1099.278218,1146.524636,919.59027,1487.18863
"Monday, March 2, 2026",895.5437984,1125.764695,2507.196214,2793.748887,3274.347155,,2378.594515,799.357912,1692.59989,2673.59932,2592.93068,3274.347155,1092.883134,1175.087036,919.59027,1692.59989
"Tuesday, March 3, 2026",891.7390107,1125.098239,2428.13684,2873.908082,3304.625329,,2010.970047,802.2318134,1549.450695,2766.22877,2706.248035,3304.625329,1102.086574,1159.615736,914.11581,1549.450695
"Wednesday, March 4, 2026",899.400056,1134.90863,2411.351169,2855.072901,3347.008214,,1932.589267,807.61094,1850.387315,2730.52577,2732.089073,3347.008214,1095.957559,1193.335236,922.347335,1850.387315
"Thursday, March 5, 2026",900.106182,1142.691884,2380.128594,2941.602301,3375.338573,,1314.577002,811.14157,1840.84668,2739.64987,2833.168233,3375.338573,1095.957559,1212.793371,922.347335,1314.577002
"Friday, March 6, 2026",901.835794,1135.501542,2448.126941,2932.67002,3451.59133,,1213.145057,819.78963,1964.398895,2770.612305,2802.939693,3451.59133,1083.739199,1215.193406,922.347335,1215.193406
"Saturday, March 7, 2026",784.1100124,991.6010086,2562.328937,3021.011787,3546.425681,,724.0638219,799.12156,2227.291985,2785.686905,2889.658313,3546.425681,1089.828544,1203.292406,926.115985,1203.292406
"Sunday, March 8, 2026",785.3689545,993.5488056,2561.265781,3072.092835,3581.821104,,686.291,810.1384431,2276.403445,2751.174005,2944.660768,3581.821104,1092.883134,1149.407982,927.32592,1149.407982
"Monday, March 9, 2026",789.1614065,1004.787305,2672.984435,3121.989811,3557.582983,,696.2085,812.3996331,2579.50208,2735.306005,3013.091518,3557.582983,1118.68844,1194.492937,928.853215,1194.492937
"Tuesday, March 10, 2026",705.1549921,1006.441544,2861.543879,3237.82929,4139.382732,,720.2751386,644.6744061,2922.032695,2770.810655,3012.44093,4139.382732,1118.68844,1173.011632,931.61028,1173.011632
"Wednesday, March 11, 2026",699.2847472,1011.864433,2914.880377,3579.235128,4851.172181,,762.215294,447.5625598,3261.250865,2772.199105,3010.001225,4851.172181,1121.74303,1181.778702,938.612035,1181.778702
"Thursday, March 12, 2026",697.2008017,1004.596889,2951.888444,3772.187762,4860.602411,,763.8772686,430.494934,3500.0841,2795.128176,3056.39529,4860.602411,1113.987545,1178.327412,931.669785,1178.327412
"Friday, March 13, 2026",839.8397771,1016.779546,3025.915572,4259.785239,5282.560396,,947.2289541,410.283069,4004.09145,2900.072513,3109.810945,5282.560396,1110.91312,1144.052532,954.02383,1144.052532
"Saturday, March 14, 2026",619.92396,1047.297677,3063.811269,4496.229897,5619.892024,,674.4194351,401.9420598,4215.314365,2856.593541,3201.956421,5619.892024,1113.987545,1189.117652,1002.837765,1189.117652
"Sunday, March 15, 2026",609.7325515,1064.038417,3098.838392,4757.74026,5150.783218,,662.6515677,398.0564866,4659.47952,2946.839074,3200.171271,5150.783218,1133.88205,1196.442183,1017.475995,1196.442183
"Monday, March 16, 2026",606.8757719,1085.64588,3070.390337,5205.785514,5783.96534,,659.839282,395.0217316,5783.96534,2866.198137,3206.518471,5061.240557,1204.508166,1067.276663,1113.199705,1204.508166
"Tuesday, March 17, 2026",440.4153694,1127.680212,3111.349973,5552.951949,6739.000755,,451.3130543,396.8246298,6739.000755,2786.604137,3327.847197,5256.439747,1204.508166,1097.068833,1173.59728,1204.508166
"Wednesday, March 18, 2026",399.1081778,779.5658705,3150.881404,5785.202969,7380.04812,,373.2869644,405.5634811,7380.04812,2806.597817,3380.403795,5386.491681,556.0226755,1114.880663,1169.689785,1169.689785
"Thursday, March 19, 2026",345.3844791,691.5793129,3183.509967,6092.514736,8139.37159,,392.733,419.8248461,8139.37159,2881.058407,3385.14434,5580.800523,155.9903955,1099.211013,1150.90604,1150.90604
"Friday, March 20, 2026",314.1864,675.4964096,3336.237962,6277.807563,8065.50605,,392.733,422.798954,8065.50605,3250.762972,3393.221288,5830.882941,0,1054.542593,1079.202515,1079.202515
"Saturday, March 21, 2026",317.36,515.1073177,3528.778964,5626.022481,5942.522726,,396.7,443.8053611,5546.89742,3563.671507,3476.440149,5942.522726,,622.0602527,1225.502221,1225.502221
"Sunday, March 22, 2026",317.36,742.3541327,3460.538324,5452.697494,6076.29585,,396.7,456.1030611,5296.797905,3336.896368,3542.966295,6076.29585,,1196.045483,1171.73074,1196.045483
"Monday, March 23, 2026",317.36,723.1224397,3516.404933,5441.262572,6042.605881,,396.7,443.4963848,5290.926745,3422.630284,3578.921365,6042.605881,,1221.374778,1142.561522,1221.374778
"Tuesday, March 24, 2026",317.36,714.9205598,3553.622772,5421.966874,6109.25043,,396.7,442.4273816,5250.145985,3375.841052,3672.143919,6109.25043,,1320.886973,1123.660327,1320.886973
"Wednesday, March 25, 2026",0,735.2616471,3605.350722,5396.698851,6150.276144,,0,504.2113198,5208.304528,3392.549369,3747.218291,6150.276144,,1321.343178,1081.837138,1321.343178
"Thursday, March 26, 2026",0,721.2383197,3715.192039,5357.022308,6235.216568,,,516.0528148,5137.473743,3636.131988,3767.89874,6235.216568,,1243.470968,1029.016577,1243.470968
"Friday, March 27, 2026",0,711.1813063,3800.690767,5230.518593,5825.484711,,,532.0001548,5081.777063,3586.835733,3943.26079,5825.484711,,1142.451313,979.9530335,1142.451313
"Saturday, March 28, 2026",0,689.161666,3890.603742,4464.829451,6039.96601,,,528.5686998,3641.637053,4071.045311,4056.581534,6039.96601,,1105.277217,930.0511153,1105.277217
"Sunday, March 29, 2026",0,443.4829737,3887.105128,4571.88483,6085.01953,,,444.641195,3659.468718,4193.601155,4038.862734,6085.01953,,942.1718194,442.7108261,942.1718194
"Monday, March 30, 2026",0,263.1773501,4032.264348,4609.252908,6042.445245,,,422.4855,3978.197333,4250.954824,4068.309024,6042.445245,,974.401502,156.9719168,974.401502
"Tuesday, March 31, 2026",0,264.3963423,4230.561978,4666.499322,6088.1032,,,421.394575,4153.042858,4311.098353,4282.241392,6088.1032,,994.8136569,159.7308538,994.8136569
"Wednesday, April 1, 2026",0,175.7019245,4133.254419,4707.304026,6115.529348,,,195.354915,3883.723228,4299.608546,4355.247695,6115.529348,,1011.196827,162.5999309,1011.196827
"Thursday, April 2, 2026",0,168.1097195,4184.889735,4698.611983,6052.259457,,,166.951195,3959.413588,4335.207167,4360.200114,6052.259457,,1061.292886,169.8475062,1061.292886
"Friday, April 3, 2026",0,69.98672328,4190.099834,4669.116541,5901.115939,,,0,3959.036723,4344.141908,4361.116692,5901.115939,,683.2958564,174.9668082,683.2958564
"Saturday, April 4, 2026",0,0,4244.816569,4744.390093,5922.080783,,,,3948.028298,4449.967421,4442.675416,5922.080783,,0,177.4179685,177.4179685
"Sunday, April 5, 2026",0,0,4224.141166,4884.44002,6055.533142,,,,3842.307748,4591.666739,4478.696778,6055.533142,,,179.2349436,179.2349436
"Monday, April 6, 2026",0,0,4261.583759,4909.142169,6055.524777,,,,3834.056388,4622.546517,4546.602006,6055.524777,,,171.8518663,171.8518663
"Tuesday, April 7, 2026",0,0,4312.306083,4956.538113,6044.181931,,,,3806.882438,4649.25518,4684.627159,6044.181931,,,170.5989184,170.5989184
"Wednesday, April 8, 2026",0,0,4281.842443,4986.016174,6101.679776,,,,3767.371118,4624.823327,4707.100274,6101.679776,,,167.3753074,167.3753074
"Thursday, April 9, 2026",0,0,3816.43537,4927.440335,5590.298217,,,,2643.658863,4598.286374,4761.725864,5590.298217,,,95.208,95.208
"Friday, April 10, 2026",0,0,3779.232624,4936.888117,5739.303903,,,,2652.941643,4530.093278,4736.284171,5739.303903,,,97.1915,97.1915
"Saturday, April 11, 2026",0,0,3827.895816,4844.295388,5652.73052,,,,2632.809118,4642.186605,4624.620282,5652.73052,,,120.9935,120.9935
"Sunday, April 12, 2026",0,0,3846.896714,4836.578632,5324.998887,,,,2626.501588,4714.473568,4660.493464,5324.998887,,,160.6635,160.6635
"Monday, April 13, 2026",0,0,3913.761058,4703.357823,5343.330406,,,,3420.813998,4242.392432,4543.364677,5343.330406,,,172.5645,172.5645
"Tuesday, April 14, 2026",0,0,3998.302207,4632.786851,5354.005003,,,,3559.90646,4290.566038,4452.482313,5354.005003,,,178.515,178.515
"Wednesday, April 15, 2026",0,0,2257.055448,4330.560426,4617.712376,,,,2635.416945,4258.772438,1689.513203,4617.712376,,,156.6965,156.6965
"Thursday, April 16, 2026",0,0,2112.059337,4048.046011,4303.804009,,,,2454.363065,4303.804009,1598.603745,3984.106511,,,150.746,150.746
"Friday, April 17, 2026",0,0,1425.221259,3022.664859,4316.102377,,,,2699.30548,4316.102377,1537.936678,1256.148131,,,220.7743144,220.7743144
"Saturday, April 18, 2026",0,0,1912.813847,3060.769391,4136.027897,,,,2791.954765,4136.027897,1539.845103,2161.459676,,,219.9574244,219.9574244
"Sunday, April 19, 2026",0,0,1896.434197,3211.752186,4196.161492,,,,2965.64986,4196.161492,1517.796833,2148.859106,,,70.77406581,70.77406581
"Monday, April 20, 2026",0,0,2109.214396,3575.492287,4040.406755,,,,3459.26367,4040.406755,1541.479823,2487.704111,,,69.93591449,69.93591449
"Tuesday, April 21, 2026",0,0,2063.288295,3624.212344,3643.442038,,,,3643.442038,3619.40492,1540.759813,2411.640616,,,70.08229233,70.08229233
"Wednesday, April 22, 2026",0,0,2055.157267,3192.417902,3582.9451,,,,3094.786103,3582.9451,1346.5185,2527.583111,,,69.01648424,69.01648424
"Thursday, April 23, 2026",0,0,1777.007,3157.987848,3511.397946,,,,3069.635323,3511.397946,1336.6759,2070.561066,,,0,0
"Friday, April 24, 2026",0,0,1756.017053,3206.915941,3386.757303,,,,3386.757303,3161.9556,1318.88545,2047.438121,,,0,0
"Saturday, April 25, 2026",0,0,1821.956339,3377.801705,3379.110435,,,,3377.474523,3379.110435,1332.018625,2148.581481,,,0,0
"Sunday, April 26, 2026",0,0,1225.556089,2349.547314,3050.097848,,,,3050.097848,1034.573765,1352.877638,2174.409681,,,0,0
"Monday, April 27, 2026",0,0,1215.917286,2470.669349,3441.343223,,,,3441.343223,958.86357,1387.28643,2228.000881,,,305.459,305.459
"Tuesday, April 28, 2026",0,0,1232.086778,2403.026858,3290.022008,,,,3290.022008,927.28625,1435.28713,2181.278071,,,289.591,289.591
"Wednesday, April 29, 2026",0,0,1205.466256,2394.679806,3165.398703,,,,3165.398703,905.765275,1405.26691,2202.000082,,,281.657,281.657
"Thursday, April 30, 2026",0,0,1225.33571,2362.42862,3328.065538,,,,3328.065538,916.674525,1431.109833,2121.019391,,,283.6405,283.6405
"Friday, May 1, 2026",0,0,1228.131428,2396.108943,3351.887373,,,,3351.887373,910.962045,1439.577683,2157.164336,,,297.525,297.525
"Saturday, May 2, 2026",0,0,1240.55844,2417.110591,3337.526833,,,,3337.526833,896.1453,1470.1672,2187.006531,,,293.558,293.558
"Sunday, May 3, 2026",0,0,1185.16782,2226.604979,2478.671333,,,,2478.671333,888.84602,1382.715687,2163.588391,,,323.3105,323.3105
"Monday, May 4, 2026",0,0,1162.827537,1552.336306,2138.617711,,,,1405.765955,882.478985,1349.726571,2138.617711,,,75.373,75.373
"Tuesday, May 5, 2026",0,0,1063.242872,1450.010667,2047.094816,,,,1300.73963,814.26642,1229.227173,2047.094816,,,83.307,83.307
"Wednesday, May 6, 2026",0,0,875.056728,1328.391972,2028.429537,,,,915.90096,813.79038,1153.382581,2028.429537,,,99.175,99.175
"Thursday, May 7, 2026",0,0,920.673261,1292.122178,1847.673962,,,,992.840925,812.421765,1153.234232,1847.673962,,,85.2905,85.2905
"Friday, May 8, 2026",0,0,783.3133885,1197.051334,1941.931592,,,,1010.83127,556.72878,934.3697941,1941.931592,,,97.1915,97.1915
"Saturday, May 9, 2026",0,0,460.527475,1238.356273,1846.488247,,,,1086.32328,175.242225,650.7176416,1846.488247,,,55.538,55.538
"Sunday, May 10, 2026",0,0,464.161247,1217.770921,1700.797227,,,,1097.014345,184.326655,650.7176416,1700.797227,,,81.3235,81.3235
"Monday, May 11, 2026",0,0,562.193751,1044.00699,1062.539612,,,,1039.373835,429.407915,650.7176416,1062.539612,,,91.241,91.241
"Tuesday, May 12, 2026",0,0,581.5823206,1003.693669,1035.282987,,,,995.79634,663.6791,458.4371516,1035.282987,,,101.1585,101.1585
"Wednesday, May 13, 2026",0,0,237.0488143,835.235982,1028.76211,,,,1028.76211,786.85445,140.11444,301.6717305,,,101.1585,101.1585
"Thursday, May 14, 2026",0,0,85.45760022,838.651569,1053.298005,,,,1053.298005,784.98996,0,67.85675054,,,97.1915,0
"Friday, May 15, 2026",0,0,75.88730022,827.956537,1015.373485,,,,1015.373485,781.1023,0,52.85675054,,,91.241,
"Saturday, May 16, 2026",0,0,51.1743,801.528383,976.377875,,,,976.377875,757.81601,0,0,,,85.2905,
"Sunday, May 17, 2026",0,0,0,828.884815,993.832675,,,,993.832675,787.64785,0,,,,0,
"Monday, May 18, 2026",0,0,0,194.720195,783.184975,,,,47.604,783.184975,0,,,,0,
"Tuesday, May 19, 2026",0,0,26.1822,306.482486,739.01243,,,,43.637,739.01243,198.35,,,,0,
"Wednesday, May 20, 2026",0,0,26.1822,704.3952514,736.414045,,,,43.637,736.414045,696.390553,,,,0,
"Thursday, May 21, 2026",0,0,26.1822,774.1472724,780.0466622,,,,43.637,772.672425,780.0466622,,,,0,
"Friday, May 22, 2026",0,0,26.1822,675.7199981,834.3248707,,,,43.637,636.06878,834.3248707,,,,0,
"Saturday, May 23, 2026",0,0,65.0588,800.2539942,835.5246311,,,,43.637,791.436335,835.5246311,,,,79.34,
"Sunday, May 24, 2026",0,0,133.6879,852.8395918,855.344705,,,,87.274,855.344705,852.2133135,,,,164.6305,
"Monday, May 25, 2026",0,0,124.1671,824.2450224,843.293012,,,,87.274,819.483025,843.293012,,,,148.7625,
"Tuesday, May 26, 2026",0,0,136.0681,801.9682372,838.5420459,,,,87.274,792.824785,838.5420459,,,,168.5975,
"Wednesday, May 27, 2026",0,0,195.5731,799.7606421,834.1686306,,,,87.274,791.158645,834.1686306,,,,267.7725,
"Thursday, May 28, 2026",0,0,136.0681,796.805171,864.7737551,,,,87.274,779.813025,864.7737551,,,,168.5975,
"Friday, May 29, 2026",0,0,115.8364,788.964538,844.2154898,,,,81.3235,775.1518,844.2154898,,,,138.845,
"Saturday, May 30, 2026",0,0,151.5394,802.3812548,836.0847542,,,,81.3235,793.95538,836.0847542,,,,198.35,
"Sunday, May 31, 2026",0,0,96.0014,852.0481212,897.0180062,,,,85.2905,840.80565,897.0180062,,,,103.142,
"Monday, June 1, 2026",0,0,172.88186,851.7846613,925.1358465,,,,85.2905,833.446865,925.1358465,,,,231.2761,
"Tuesday, June 2, 2026",0,0,128.5308,847.3015902,906.528811,,,,89.2575,832.494785,906.528811,,,,154.713,
"Wednesday, June 3, 2026",0,0,133.2912,794.3994935,850.2064876,,,,89.2575,780.447745,850.2064876,,,,162.647,
"Thursday, June 4, 2026",0,0,133.6879,651.5045372,784.494085,,,,87.274,784.494085,618.2571502,,,,164.6305,
"Friday, June 5, 2026",0,0,138.0516,320.561369,773.703845,,,,89.2575,773.703845,207.27575,,,,170.581,
"Saturday, June 6, 2026",0,0,53.5545,264.36088,790.2264,,,,89.2575,790.2264,0,,,,132.8945,
"Sunday, June 7, 2026",0,0,52.3644,311.266688,778.80144,,,,87.274,778.80144,,,,,194.383,
"Monday, June 8, 2026",0,0,53.5545,284.933742,718.54271,,,,89.2575,718.54271,,,,,176.5315,
"Tuesday, June 9, 2026",0,0,105.9189,353.098703,722.807235,,,,260.67157,722.807235,,,,,176.5315,
"Wednesday, June 10, 2026",0,0,98.7783,382.819467,718.681555,,,,298.853945,718.681555,,,,,164.6305,
"Thursday, June 11, 2026",0,0,99.9684,370.59714,755.07878,,,,274.47673,755.07878,,,,,166.614,
"Friday, June 12, 2026",0,0,98.7783,618.804396,680.18182,,,,680.18182,603.46004,,,,,164.6305,
"Saturday, June 13, 2026",0,0,134.4813,467.618059,715.031915,,,,715.031915,405.764595,,,,,224.1355,
"Sunday, June 14, 2026",0,0,0,356.411148,710.96574,,,,710.96574,0,,,,,267.7725,
"Monday, June 15, 2026",0,0,0,353.77706,697.7953,,,,697.7953,,,,,,267.7725,
"Tuesday, June 16, 2026",0,0,0,324.246712,692.95556,,,,692.95556,,,,,,232.0695,
"Wednesday, June 17, 2026",0,0,0,311.405533,676.353665,,,,676.353665,,,,,,220.1685,
"Thursday, June 18, 2026",0,0,0,289.856789,671.751945,,,,671.751945,,,,,,194.383,
"Friday, June 19, 2026",0,0,0,320.755752,643.76476,,,,643.76476,,,,,,240.0035,
"Saturday, June 20, 2026",0,0,0,279.768708,438.82954,,,,438.82954,,,,,,240.0035,
"Sunday, June 21, 2026",0,0,0,304.554524,491.35262,,,,491.35262,,,,,,257.855,
"Monday, June 22, 2026",0,0,0,297.826492,497.38246,,,,497.38246,,,,,,247.9375,
"Tuesday, June 23, 2026",0,0,0,290.852506,494.24853,,,,494.24853,,,,,,240.0035,
"Wednesday, June 24, 2026",0,0,0,271.295196,348.85798,,,,348.85798,,,,,,251.9045,
"Thursday, June 25, 2026",0,0,0,266.161898,323.19149,,,,323.19149,,,,,,251.9045,
"Friday, June 26, 2026",0,0,0,263.797566,343.10583,,,,343.10583,,,,,,243.9705,
"Saturday, June 27, 2026",0,0,0,271.50148,381.6254,,,,381.6254,,,,,,243.9705,
"Sunday, June 28, 2026",0,0,0,280.391527,426.075635,,,,426.075635,,,,,,243.9705,
"Monday, June 29, 2026",0,0,0,279.252998,420.38299,,,,420.38299,,,,,,243.9705,
"Tuesday, June 30, 2026",0,0,0,236.143609,403.186045,,,,403.186045,,,,,,194.383,
"Wednesday, July 1, 2026",0,0,0,219.442539,375.218695,,,,375.218695,,,,,,180.4985,
"Thursday, July 2, 2026",0,0,0,110.334171,369.188855,,,,369.188855,,,,,,45.6205,
"Friday, July 3, 2026",0,0,0,0,0,,,,0,,,,,,0,
"Saturday, July 4, 2026",0,0,0,0,0,,,,,,,,,,,
"Sunday, July 5, 2026",0,0,0,0,0,,,,,,,,,,,
"Monday, July 6, 2026",0,0,0,0,0,,,,,,,,,,,
"Tuesday, July 7, 2026",0,0,0,0,0,,,,,,,,,,,
"Wednesday, July 8, 2026",0,0,0,0,0,,,,,,,,,,,
"Thursday, July 9, 2026",0,0,0,0,0,,,,,,,,,,,
"Friday, July 10, 2026",0,0,0,0,0,,,,,,,,,,,
"Saturday, July 11, 2026",0,0,0,0,0,,,,,,,,,,,
"Sunday, July 12, 2026",0,0,0,0,0,,,,,,,,,,,
"Monday, July 13, 2026",0,0,0,0,0,,,,,,,,,,,
"Tuesday, July 14, 2026",0,0,0,0,0,,,,,,,,,,,
"Wednesday, July 15, 2026",0,0,0,0,0,,,,,,,,,,,
"Thursday, July 16, 2026",0,0,0,0,0,,,,,,,,,,,
"Friday, July 17, 2026",0,0,0,0,0,,,,,,,,,,,
"Saturday, July 18, 2026",0,0,0,0,0,,,,,,,,,,,
"Sunday, July 19, 2026",0,0,0,0,0,,,,,,,,,,,
"Monday, July 20, 2026",0,0,0,0,0,,,,,,,,,,,
"Tuesday, July 21, 2026",0,0,0,0,0,,,,,,,,,,,
"Wednesday, July 22, 2026",0,0,0,0,0,,,,,,,,,,,
"Thursday, July 23, 2026",0,0,0,0,0,,,,,,,,,,,
"Friday, July 24, 2026",0,0,0,0,0,,,,,,,,,,,
"Saturday, July 25, 2026",0,0,0,0,0,,,,,,,,,,,
"Sunday, July 26, 2026",0,0,0,0,0,,,,,,,,,,,
"Monday, July 27, 2026",0,0,0,0,0,,,,,,,,,,,
"Tuesday, July 28, 2026",0,0,0,0,0,,,,,,,,,,,
"Wednesday, July 29, 2026",0,0,0,0,0,,,,,,,,,,,
